{
  "Nott'm Forest": 1679.048998148084,
  "Millwall": 1479.9979653219625,
  "Sunderland": 1436.1561189337954,
  "Derby": 1390.7312134250556,
  "Monaco": 1670.3585777615804,
  "Toulouse": 1530.68624871457,
  "Lyon": 1643.0363851623015,
  "Strasbourg": 1622.083668641241,
  "Troyes": 1347.2241773669832,
  "Rennes": 1527.1296290447863,
  "St Etienne": 1432.711212901176,
  "Nice": 1652.7224577560962,
  "Paris SG": 1833.3071029508321,
  "Amiens": 1408.1924220997605,
  "Montpellier": 1356.2271063121186,
  "Caen": 1384.1694332289514,
  "Wolves": 1599.6042746299074,
  "Middlesbrough": 1424.0391686466799,
  "Sheffield United": 1537.0610325600423,
  "Brentford": 1677.8210297801518,
  "Metz": 1406.3806149325983,
  "Guingamp": 1382.3012686230697,
  "Preston": 1374.2631372871815,
  "Sheffield Weds": 1401.76901089022,
  "QPR": 1422.5230581204735,
  "Reading": 1345.4861503672578,
  "Aston Villa": 1759.7197432950102,
  "Hull": 1393.8218088047304,
  "Bristol City": 1480.2988021563983,
  "Barnsley": 1298.0116413911126,
  "Burton": 1411.081349137069,
  "Cardiff": 1344.0733166263974,
  "Fulham": 1651.301643808442,
  "Norwich": 1406.4044973379828,
  "Ipswich": 1459.1009236764792,
  "Birmingham": 1353.2701064374537,
  "Marseille": 1655.9936190025742,
  "Dijon": 1335.6563869760228,
  "Lille": 1659.9889652219597,
  "Nantes": 1481.539755094652,
  "Angers": 1428.7428232570708,
  "Bordeaux": 1412.6938056235288,
  "Bolton": 1274.0268043306046,
  "Leeds": 1654.1434311314697,
  "Arsenal": 1839.849998539137,
  "Leicester": 1473.4145884257912,
  "Southampton": 1397.7807812314506,
  "Swansea": 1445.1853936805899,
  "Watford": 1359.7993171169503,
  "Liverpool": 1852.8379905321374,
  "West Brom": 1440.6091465737911,
  "Bournemouth": 1662.0552860218845,
  "Crystal Palace": 1709.5820191506848,
  "Huddersfield": 1354.2268183915148,
  "Chelsea": 1769.8281589907276,
  "Burnley": 1665.7241201435654,
  "Brighton": 1716.9592660655126,
  "Man City": 1843.6263708939532,
  "Everton": 1680.3018780222449,
  "Stoke": 1399.1524285334874,
  "Newcastle": 1734.1652541290225,
  "Tottenham": 1553.0544735271985,
  "Man United": 1608.0193457255477,
  "West Ham": 1595.2094642899956,
  "Leganes": 1478.0584647203734,
  "Alaves": 1500.9956082563804,
  "Valencia": 1538.8876217701306,
  "Las Palmas": 1374.8390691758948,
  "Bayern Munich": 1797.1198871029344,
  "Leverkusen": 1764.500157633173,
  "Hertha": 1411.613673779559,
  "Stuttgart": 1605.433315021382,
  "Hamburg": 1426.316872342794,
  "Augsburg": 1513.6022010630313,
  "Celta": 1557.545345740559,
  "Sociedad": 1503.1687037875997,
  "Girona": 1471.5888615583872,
  "Ath Madrid": 1692.0140382819925,
  "Sevilla": 1460.3858794013734,
  "Espanol": 1481.972269278704,
  "Hoffenheim": 1479.7077851325373,
  "Werder Bremen": 1578.2272694311744,
  "Juventus": 1711.420643348357,
  "Cagliari": 1456.3937301588883,
  "Verona": 1468.4160105911585,
  "Napoli": 1733.2634884630384,
  "Mainz": 1586.1300740294294,
  "Hannover": 1334.424527360566,
  "Schalke 04": 1420.4675323249444,
  "RB Leipzig": 1608.893732953879,
  "Wolfsburg": 1511.0303566526713,
  "Dortmund": 1671.8554656331357,
  "Atalanta": 1693.2013958362745,
  "Roma": 1719.4540342836233,
  "Bologna": 1640.094864297981,
  "Torino": 1524.7894977922572,
  "Udinese": 1479.9945250472915,
  "Chievo": 1342.6004262779206,
  "Sassuolo": 1426.2202496210618,
  "Genoa": 1530.3501572894934,
  "Sampdoria": 1354.0722942816387,
  "Benevento": 1367.9018254312534,
  "Lazio": 1653.061052667755,
  "Spal": 1301.11314915859,
  "Crotone": 1342.2508429102195,
  "Milan": 1662.3799691567003,
  "La Coruna": 1384.4338904921776,
  "Real Madrid": 1781.8259981783945,
  "Barcelona": 1789.9845918477454,
  "Betis": 1612.439257877395,
  "Ath Bilbao": 1671.5789523797919,
  "Getafe": 1456.877648682866,
  "Inter": 1793.9233829239174,
  "Fiorentina": 1646.7546471261985,
  "M'gladbach": 1498.478942011739,
  "FC Koln": 1453.5032542026322,
  "Freiburg": 1594.5646173370194,
  "Ein Frankfurt": 1635.6668568785938,
  "Levante": 1475.1528223057292,
  "Villarreal": 1674.7973060302418,
  "Malaga": 1316.9011025028092,
  "Eibar": 1406.613883595874,
  "Wigan": 1370.425182544453,
  "Rotherham": 1245.1341861210278,
  "Blackburn": 1428.5529646691875,
  "Reims": 1459.1690937797325,
  "Nimes": 1430.314883975463,
  "Valladolid": 1276.3399613606996,
  "Parma": 1453.6437140365242,
  "Empoli": 1418.3664171447524,
  "Vallecano": 1534.0705793247153,
  "Huesca": 1436.804443874674,
  "Frosinone": 1426.2416831012197,
  "Nurnberg": 1347.4904644799105,
  "Fortuna Dusseldorf": 1441.6589342253508,
  "Luton": 1406.3315245312485,
  "Charlton": 1384.4875046878562,
  "Brest": 1595.1379695981836,
  "Granada": 1340.924234991706,
  "Paderborn": 1361.2427137824993,
  "Mallorca": 1482.2875820159984,
  "Osasuna": 1561.046150839795,
  "Union Berlin": 1511.5972452344763,
  "Brescia": 1354.395965738672,
  "Lecce": 1455.997524807195,
  "Lens": 1601.5418181611005,
  "Lorient": 1443.2912739720955,
  "Cadiz": 1440.070512949528,
  "Coventry": 1480.4621169812644,
  "Wycombe": 1414.9744356890133,
  "Bielefeld": 1427.8820668531123,
  "Elche": 1409.5699057837408,
  "Spezia": 1427.0386392349342,
  "Blackpool": 1339.0459859380219,
  "Peterboro": 1348.9670796600817,
  "Clermont": 1451.1653925179548,
  "Greuther Furth": 1391.0041718754592,
  "Bochum": 1417.4171040438766,
  "Venezia": 1419.1928975355663,
  "Salernitana": 1354.3816883869815,
  "Ajaccio": 1366.8713325888061,
  "Auxerre": 1512.7080925060106,
  "Monza": 1341.8550368899282,
  "Almeria": 1388.825312994723,
  "Cremonese": 1443.875896870325,
  "Plymouth": 1381.1210395016235,
  "Le Havre": 1468.6544822287792,
  "Heidenheim": 1454.1759376736059,
  "Darmstadt": 1355.706189097892,
  "Oxford": 1421.175360065945,
  "Portsmouth": 1424.1852933811276,
  "Como": 1557.3543495902827,
  "Holstein Kiel": 1435.7801283052756,
  "St Pauli": 1464.5085235373456
}